{
  "vertices": [
    [1, 1, 1, -0.4472136],
    [-1, 1, -1, -0.4472136],
    [1, -1, -1, -0.4472136],
    [-1, -1, 1, -0.4472136],
    [0, 0, 0, 1.78885438]
  ],
  "edges": [
    [0, 1],
    [0, 2],
    [0, 3],
    [0, 4],
    [1, 2],
    [1, 3],
    [1, 4],
    [2, 3],
    [2, 4],
    [3, 4]
  ],
  "cells": [
    [
      [0, 2, 3, 4]
    ],
    [
      [0, 1, 2, 4]
    ],
    [
      [4, 2, 3, 1]
    ],
    [
      [4, 1, 3, 0]
    ],
    [
      [3, 1, 2, 0]
    ]
  ],
  "cellNormals": [
    [0.55901699, -0.55901699, 0.55901699, 0.25],
    [0.55901699, 0.55901699, -0.55901699, 0.25],
    [-0.55901699, -0.55901699, -0.55901699, 0.25],
    [-0.55901699, 0.55901699, 0.55901699, 0.25],
    [-0, -0, -0, -1]
  ]
}
